timestamp,coyno,pid,success,status code
20181016 16:00,10138291,-DXtAIVIiqlNFzuNJgQ8BS11blk,1,200
20181016 16:00,10138291,lneYzOAJotpQ0E7x2WeBdQU5T0g,1,200
20181016 16:00,10138291,8KT2w52tBHJtUX7cM-qcMDk20kQ,1,200
20181016 16:00,10138291,rh122l-4sEmh6CtXzaPXs6j19fs,1,200
20181016 16:00,10138291,AY9ZjUT70tJJM4g-bGrHcKKOzws,1,200
20181016 16:00,10138291,biwEg1Jcu81KY84RsMxQEmxE3cI,1,200
20181016 16:00,10138291,Ycgw5PDbCtX3mZFM7fAJELS_5_Y,1,200
20181016 16:00,10138291,8Fk8nDAxRgK0Xx3OoxHJF2VrVCw,1,200
20181016 16:00,10138291,ZGMiZWLZaIU0mnc-WTHuv-howdM,1,200
20181016 16:00,10138291,zfz3QJfP4Pi2vGi36_Kz2zY6eho,1,200
20181016 16:00,10138291,hmLT2uTi8Og5r8qiKMbPkrgdX_o,1,200
20181016 16:00,10138291,A5RUipv5NOOsRD_eT1069AWUK4s,1,200
20181016 16:00,10138291,VZpdTrk9QAZ-CTyPplZN6RI31Go,1,200
20181016 16:00,10138291,xyT9npQeIrFdZ7n9giNebeq0hws,1,200
20181016 16:00,10138291,K-hh361ed4pLmSnNmSu50uDox0s,1,200
20181016 16:00,10138291,BlJhwWY5mhRjh-GZlOR8pkVFa-s,1,200
20181016 16:00,10138291,xFMjIgMZzYqHhhUNnfanhS8WZwc,1,200
20181016 16:00,10138291,OKrNYMMYjF9RAHb6nwV_dD00RSY,1,200
20181016 16:00,10138291,TVoBWS5c9a9ZtkRstitWi8qlPUc,1,200
20181016 16:00,10138291,cqd9fRKoNS8OxIiORt1LQ7oIGAs,1,200
20181016 16:00,10138291,NyzSxgFMpymKPHIz4OpjKxbmvm4,1,200
20181016 16:00,10138291,BE1T8AEq-ccVkO_zgY69aGfQQRY,1,200
20181016 16:00,10138291,UkjQ0EM7kw1spP8h0chA00IAULc,1,200
20181016 16:00,10138291,7nfj2c3Tcb10Vu2zyju8mzEEE94,1,200
20181016 16:00,10138291,S9_nTH58nSoYZHK7alSIORSNdQ4,1,200
20181016 16:00,10138291,2PQBXt9lpwZ4LfC8SRWli8SG764,1,200
20181016 16:00,10138291,G5hsDGIMp-XJJAqyw8T1EmIn14c,1,200
20181016 16:00,10139294,_eTTGE-f0Mbw0LPf80W6nsmDW64,1,200
20181016 16:00,10139294,a5geS0opQv2ZRsUlO16fTVzNxBQ,1,200
20181016 16:00,10139294,gKNRtOhGjNgzr3PxEhNZCASC56M,1,200
20181016 16:00,10139294,GN0nmxkAmg2npVjyuODlItK2bY0,1,200
20181016 16:00,10142738,TlVZfUdl0CsipYGHDOg7xRmNwJs,1,200
20181016 16:00,10142738,iiVVBkXQxwK5NFOP9zJtXIFLXyI,1,200
20181016 16:00,10142738,C2MRm2RG0uYd3CGvRT6D_t99z64,1,200
20181016 16:00,10142738,f27SYGikXcL2eqfb-cva5HhHA4w,1,200
20181016 16:00,10142738,5ZS0DBaQKAgLRWkUEqXspxm8fR0,1,200
20181016 16:00,10142738,w7bhATJSM5LiIbC6hAZHmxWwSOE,1,200
20181016 16:00,10142738,o55fDZEsnB5cBVBBi0NU4BSyiSs,1,200
20181016 16:00,10142738,m-SGAoomGUG9BZR3iQAQzGBh3Ms,1,200
20181016 16:00,10142738,oPGYKNDO8LnwNNQSR02oXeSZ7eg,1,200
20181016 16:00,10142738,Y2ON9b0z8WJrf5R5aiogAfcNe4A,1,200
20181016 16:00,10142738,0OdH-nSGw4sF7mMXKmdlmhzJ1Yo,1,200
20181016 16:00,10142738,DT-vLF8SqBuXRE-ecDWv59KYO5I,1,200
20181016 16:00,10142738,QKPL3achzCQJg7Eub90GzPpmNSY,1,200
20181016 16:00,10142738,dTOEIO3KNar7dJYIivNrHI006mQ,1,200
20181016 16:00,10142738,41tz_pV6FQYuMe4xAoQ5astuHa8,1,200
20181016 16:00,10142738,B6Ix-n17pFXL8nX5KqgJeVmg-iw,1,200
20181016 16:00,10154744,1Cvjd15GSfUrQ62ndh1m2MYOtXA,1,200
20181016 16:00,10154744,yCq6mYWtPCjd_nAZPl-mkHTfqRc,1,200
20181016 16:00,10154744,jTo--y7OHkb9PODb2BgbJvvhx3s,1,200
20181016 16:00,10155123,7PlSJRNnTueyUYHNGKBBTVKaRls,1,200
20181016 16:00,10155123,Ihs48geJtVdYLagLmkm69CNfSC4,1,200
20181016 16:00,10155123,K5RubjQGpNqQzv88aMMOwz-TZtA,1,200
20181016 16:00,10155123,E5YGaaJF6QIPlxlV6UHjaCZL4WA,1,200
20181016 16:00,10156361,WgWCV2yVH-G3LgoKWQgSjgoxMQg,1,200
20181016 16:00,10156361,oI7J4TevzWVanZ1AtfRCsyYcPNA,1,200
20181016 16:00,10156361,mRbx63_HeahUxDzaWohScWTuYSM,1,200
20181016 16:00,10156361,Q5UA7K4-_Oj0mHVJD4CizkxKjP4,1,200
20181016 16:00,10156361,vxtODMCdfjkd7FMVjZBy2lj4j14,1,200
20181016 16:00,10156361,OCSToloOE6TvgAA9T822tr2wZas,1,200
20181016 16:00,10156361,2rZj26u9rVsESjIO0Uxw3h7839I,1,200
20181016 16:00,10156361,lTDCHvSuQB4jVBP5sMqI4z0Hz4U,1,200
20181016 16:00,10158044,v-IcAxZn7h4IYpcGWIzH-KMbKK8,1,200
20181016 16:00,10158044,_RtbOBBwNcxh2-_6QgHwjM-PtBM,1,200
20181016 16:00,10158044,2yUZMbGCDoV0QMZxdqv-75spp9s,1,200
20181016 16:00,10158044,aQP9mWngqbxbeLqzIefNKnzG-0Y,1,200
20181016 16:00,10158044,0eTJkbxmLmSnLuQuYZ-xh6Vm_uM,1,200
20181016 16:00,10158044,Khanjqr9NmcTGD-dUSjeBKkuTkI,1,200
20181016 16:00,10158044,zMpg1Neqw4ZKBVJOVl1x1_kC1us,1,200
20181016 16:00,10158044,EKG-cE_zP-dZmHmyYN9rFUD4h9g,1,200
20181016 16:00,10158044,0eTJkbxmLmSnLuQuYZ-xh6Vm_uM,1,200
20181016 16:00,10158044,BkLWAD-FgmX5RaoWbhKYaCiL_Ck,1,200
20181016 16:00,10158044,OnR1zabJdY8xyth49q8C2DX3Ldw,1,200
20181016 16:00,10158044,miV6HUDkoAfN2jbaZbr5eKanPr8,1,200
20181016 16:00,10174343,hGX8e8scTWJ1s8ojTqsy4qVHB7o,1,200
20181016 16:00,10174343,XjPb49lTxm9-CmPiPALDx27W7WA,1,200
20181016 16:00,10175326,rjRaw3Q83-ygDW8PnwGr6T8MjnI,1,200
20181016 16:00,10175326,5Gu889yCJ55gpFQVmC3Xaw8b-7Q,1,200
20181016 16:00,10175326,jBlA-KS_jTbAXk-LJKcvZnEaPV4,1,200
20181016 16:00,10175326,8qDUD2GgD5QQLMli8GX6XtzriQc,1,200
20181016 16:00,10175326,C-a_1dHTodhL-c2E5tnlmnL3XSc,1,200
20181016 16:00,10175326,bvEUIJTtRBlGqx2UvGf0V59BMkU,1,200
20181016 16:00,10175326,jHeZgdCxibIcPWMkrAS8jENkhzQ,1,200
20181016 16:00,10175326,xkS_Row-qTwaQwYydaT63W0DLNY,1,200
20181016 16:00,10176021,3QBjCZ2xbDXU9y1vbxJ4I9d18U0,1,200
20181016 16:00,10176021,lNCM1PyQ70IGSETLl1DG4PiXEew,1,200
20181016 16:00,10176021,-yJWNAkJeJVbNK7xQ5zg57bfZlU,1,200
20181016 16:00,10176021,Hs6oU8gnJ5ZoFQb45kUBAQPZG88,1,200
20181016 16:00,10176021,NwMya4F8ptLaaKsBwpMSRnKNG00,1,200
20181016 16:00,10176021,viDSTR48S-JTd9SWUrugFLIx524,1,200
20181016 16:00,10176021,gPt8-2J2qAtZpKUsJPGOsezqH98,1,200
20181016 16:00,10176021,IVxR2XBDwtTqvTmgGC8UJ72e0wg,1,200
20181016 16:00,10176021,Nv34TmJLtCRdWUKN3q0bB2izghk,1,200
20181016 16:00,10179857,d-idl12RaUW4DMILjLgQbPUwOC4,1,200
20181016 16:00,10179857,GJEcN-o-R6L2L5yqTNpdOpF6vY0,1,200
20181016 16:00,10179857,SvX2IbakR6jcHbbLM69nUxIRIZ4,1,200
20181016 16:00,10179857,ln_YCxfnPiu68GCq6uzsNHPmPT8,1,200
20181016 16:00,10179857,0GBktl__Yr-W8l5bsepCNJvUQXw,1,200
20181016 16:00,10179857,4qKBFM1FaZl1YOu4fbydBoiSaQ4,1,200
20181016 16:00,10180187,jHsnd84qVyMZtSs9mMOpGZXsik4,1,200
20181016 16:00,10180187,uBD4Idu6uZJNyDwzNHtsl4qL4iU,1,200
20181016 16:00,10180187,c-ZUgREId6U-j6PxxqNuYSfrTCo,1,200
20181016 16:00,10180187,9WM13H2gOJ7MMbHNwrLHxM3BNTw,1,200
20181016 16:00,10180187,nDTEpL-IAH9Y9IXs-ebVtQBegjE,1,200
20181016 16:00,10180187,3WxV31-FwarmcrfhFiMVgYDAzNc,1,200
20181016 16:00,10180187,jZGSm4O9hnq38Rc7KaLlSpzi0Fg,1,200
20181016 16:00,10180187,bNBI2pyq06Sjae-KDxWBAH5_8x4,1,200
20181016 16:00,10180187,tiP9YXA_VOst6z0NHZ-3jUmSjCs,1,200
20181016 16:00,10180187,L3k49NNiGQqwnhKRsgMB_U-MMfc,1,200
20181016 16:00,10180187,tSn80tMpI3SVnjlfhbAHPXyCRrU,1,200
20181016 16:00,10180187,ZJx8LOm7EEoyxS8cwgHT9l2NQmM,1,200
20181016 16:00,10180187,xmsPvDSJoGqSUHxVBLtT0TcjEi8,1,200
20181016 16:00,10180187,t77ieDHACuM_U3XeL-FYM-GHr_8,1,200
20181016 16:00,10180187,l__ttRxEzFFMAVsQk9wBFAGVC7Y,1,200
20181016 16:00,10180187,YqbzzTip6_i7Gq9nOv7DgTmSUII,1,200
20181016 16:00,10180187,TbB41xd3XvZl_Eh_ZG6NB_TNREE,1,200
20181016 16:00,10180187,QFsPbrILixYsXe06j-BKoKw76og,1,200
20181016 16:00,10180187,Yvjs2Njz3G0HJsq4F6nFIYauLM4,1,200
20181016 16:00,10180187,e-WeYiWa_MERwHWhEc-4RmbzWhU,1,200
20181016 16:00,10180187,8YnEyJAzL-CYmeKUJ683vbidvBs,1,200
20181016 16:00,10180187,1RlD1mrfcOzes9khRq-HOoWBisc,1,200
20181016 16:00,10187473,E89rkCiPIf1RU1PmJfg2qVaULOE,1,200
20181016 16:00,10187473,EEbHsjkcyhnphTWV5DtuvgBg4h0,1,200
20181016 16:00,10187473,7PI8_yWm8v7DkPvmV8tLw_LXRPk,1,200
20181016 16:00,10187473,Z_0tEzoYThuOdiWUscB8Yyb37iU,1,200
20181016 16:00,10187473,fxrh8ZQeNyQS2sAivrzknninI5I,1,200
20181016 16:00,10187473,n-jiUTAHEwGHCqCdYtHaI6lMxNI,1,200
20181016 16:00,10187473,hnOXuw3mdQHkVQ-SNSOQSv3I8Ss,1,200
20181016 16:00,10188386,-9Q7Guan-XX6pBbXG-PgU8Z_D0g,1,200
20181016 16:00,10188386,XZjTIHAmymVgB0-xtMGz26MeLCA,1,200
20181016 16:00,10188386,3MHBC9t2eXNJSozSrR48UbJ6WPI,1,200
20181016 16:00,10188386,h1yOfsu5jgrbk3QEvE0H95PCmCM,1,200
20181016 16:00,10188386,Ect_sZ-W1wDk6Jrp64yAxw9gvd4,1,200
20181016 16:00,10188386,prDxDQmuqc_HX14Avi5j8pztekQ,1,200
20181016 16:00,10188386,5-jwdumPismp1Z7vAsZ1hPh71xc,1,200
20181016 16:00,10188386,A1nR8EBT1k6QfpEf13wD-2OCJ2k,1,200
20181016 16:00,10188386,MsnNzs-rIGNsMG8200XeDnlEd9I,1,200
20181016 16:00,10188386,8FhVMQeHkZukmkUaUKVIYYPAhxc,1,200
20181016 16:00,10188386,8B_a6CuRxmMZuRBWB5zXh0aSLOw,1,200
20181016 16:00,10189738,lCTdUGqXUDevbpyF9480DKPodsg,1,200
20181016 16:00,10189738,Cq65iL0BfNVqpncVkdV6OsTVpM0,1,200
20181016 16:00,10189738,kPtFTHV4Ys03aOttlmxJGJ4tZIQ,1,200
20181016 16:00,10191315,tD-s5TUqdRtUZ5kH8KBWMC0-2jY,1,200
20181016 16:00,10191315,IfBZCT94DGuM2eT59E-mHPJQq6c,1,200
20181016 16:00,10191315,vAv22Ydessd1rqGBoQPAyj36RY0,1,200
20181016 16:00,10191545,nAxv2pA0KXkiGFBEExnYdT21qyM,1,200
20181016 16:00,10191545,Tq8a9CF2ihCOQ5N3mM8p4ImP_rE,1,200
20181016 16:00,10191545,AAVlsLHBeUlsSjGXPmVON3zaH50,1,200
20181016 16:00,10191545,WwmB0pIhYKZNYcwMFZVgoAGBxn8,1,200
20181016 16:00,10191545,DQ2-w6aqm76eypEqQOvxspLqIQU,1,200
20181016 16:00,10191545,KiX7-ljcvZKIUaQkab4Th58B1Hc,1,200
20181016 16:00,10191545,Jsei9N31CyoH97PlHnpU9tMIXQY,1,200
20181016 16:00,10195311,3chRkwvEu7THB5xef_Wy3f1ZsDA,1,200
20181016 16:00,10195311,Es3CyEkUSxQ67HcqAhxofspyus0,1,200
20181016 16:00,10195311,rNbBxj_JcVg227Ho6r6hQY57UVI,1,200
20181016 16:00,10195311,a5xTdId0wM568x9sl9K1_uLDejM,0,404
20181016 16:00,10195311,eZHcJ5gnmCLPpWDAcDXGUV6Mz5A,1,200
20181016 16:00,10195311,em3mZ-HJ3FVIQLhisREcHrGqOHA,1,200
20181016 16:00,10195311,Ee3sLS8VO0N13T6F4sdpGQsNixw,1,200
20181016 16:00,10195311,j3xVyie6pJpxGb09Ff9nmZ1sXws,1,200
20181016 16:00,10195311,jM8aDgUT7TPNWkhbhOPcXJVpkog,1,200
20181016 16:00,10195311,plHoSaGOO32L6IjBG0f1RoFcPv8,1,200
20181016 16:00,10195311,ZZ4TZ9hSUX7EWxpocEb82OVoeRM,1,200
20181016 16:00,10195311,Eo664m0ztiwLxkFMmaZJTdcrtgg,1,200
20181016 16:00,10195311,m-7ZkARJIgup8bsk0h2e2gQ-oao,1,200
20181016 16:00,10195311,fkzUxTvUFlIrCvLBYW43mPrgWnA,1,200
20181016 16:00,10195311,TfE-57rhj6RHlbzgXqK4rWIZp9E,1,200
20181016 16:00,10195311,bE9JNLftsz1H2vI_AzQ0ShZc22o,1,200
20181016 16:00,10197205,CILjRWA5akkA7TJD_-ETfOJcrpA,1,200
20181016 16:00,10197205,ywCsPlwa6ma6nmQvonBa8rW2yaM,1,200
20181016 16:00,10197205,ShgrvTTgWJFJUss5q17dxDn-670,1,200
20181016 16:00,10197205,NZBSI0EEZO5JiRy9GFxCn54YnIk,1,200
20181016 16:00,10197205,QxQPS_3tWI1mptGHGt2iiE9CFKA,1,200
20181016 16:00,10197205,yF7sWDl_yYSUvW1j4s0OFUk0xGA,1,200
20181016 16:00,10197205,nYMXzsCLOS_sbRTmpdbrNYctMyk,1,200
20181016 16:00,10197205,rljDjbr6KbWhmU2pjCjAINbAHRI,1,200
20181016 16:00,10197205,6iNZyG_79FCTMKyGGYOUTmMug7w,1,200
20181016 16:00,10197205,DsGCvS5XtZtxQmPAG2hG4fbEGDI,1,200
20181016 16:00,10202266,S_6e-bVNI37bAkAwh_upH2WJ9iw,1,200
20181016 16:00,10202266,v_dmIV_V1hxz39WxOXNH9p9ga-A,1,200
20181016 16:00,10202266,K1JJGnSG8-aXSoPYrve4jc9Sbqo,1,200
20181016 16:00,10206917,9unLrG1wpAxh8knE5EeRkIl7PvU,1,200
20181016 16:00,10206917,hNBmoUmp1CXEFFBLxO0W35AC7ao,1,200
20181016 16:00,10206917,9RhdkGveN0udRpXBNT63-vmNzMA,1,200
20181016 16:00,10206917,eexh_bJ2tqZYaSVZMx5aoq1MzDQ,1,200
20181016 16:00,10210093,_fPeLmlCdmXfIFLrSNQqSoEQA34,1,200
20181016 16:00,10210480,jdfCZ9x_zSvSmQEknH6fUUnJnMw,1,200
20181016 16:00,10210480,ouCw2WU0zpJiafyyWR221XWOZGo,1,200
20181016 16:00,10210480,3-CHP8V86UqXtculXE5JwLUMYkM,1,200
20181016 16:00,10210480,o-oDh3rOcVs663m6xOh0n3JXqlI,1,200
20181016 16:00,10210480,zaArp1sALDYeH0FwCqezdLOSTmg,1,200
20181016 16:00,10210480,fbZkKi4zGkm17sVNjD-nzI0C8GU,1,200
20181016 16:00,10210480,vgGQLo534Lvb_2fhyFmeV5XBHVI,1,200
20181016 16:00,10210480,VGJnYmvsWpUtf4K9WBbXpBTDsvw,1,200
20181016 16:00,10210480,UgB8SUkz7f7wOIR9OAys8458HXc,1,200
20181016 16:00,10210480,ctiEuJLzm7AKpaTgo2w6K4Zmt50,1,200
20181016 16:00,10211462,zW9aqP8PVLxhKBrNK5FBWkVXWLQ,1,200
20181016 16:00,10211462,GzUhlvtz3swtYdbtMPCc-ZUXc1s,1,200
20181016 16:00,10211462,ANkO6AEYBUZ7r1USnbCOGb9DdUU,1,200
20181016 16:00,10211462,efOCkzDTiyiUKTmNkU7mrgavpfc,1,200
20181016 16:00,10211462,Z97g_riAfrVct-geIrhHyIG9poI,1,200
20181016 16:00,10213270,RZFur-sWqWMmpRLciUbq7Jw20bI,1,200
20181016 16:00,10213270,se6hwiTo5Bxl8SZIc0j7S0HfSTE,1,200
20181016 16:00,10213270,Blb3TLvqWfM3-9cpLp6NINUBioc,1,200
20181016 16:00,10223530,dmYdmKzIaUWdGW6PHfjkOXxNCks,1,200
20181016 16:00,10223530,9j62GRfgzvQ3OKSTCAbh63LqALs,1,200
20181016 16:00,10223530,7tlR8l8i11oftVZhSD95fSlOA50,1,200
20181016 16:00,10223530,tE801jPsMoyRb9XMcktJeWf6WzU,1,200
20181016 16:00,10223530,xgWmGr-lTOraqeN6VCgGtvb0d58,1,200
20181016 16:00,10227300,LP7oxgiOt2CXhZuJ3jCol2JAocs,1,200
20181016 16:00,10227300,foiWzgIlJwAGPT4oA-ia8MTIgeo,1,200
20181016 16:00,10227300,2d3aluuLCbePZPJlu5MYZNnRkxE,1,200
20181016 16:00,10227300,p-4KJ4AnvTSbW6J4qrzxTNkaoUo,1,200
20181016 16:00,10227300,1YxE9djcm4cWYCfqtHBHIj6tJ6A,1,200
20181016 16:00,10228520,Lpj6SYjvaFupcerrR8_O_uAWcMk,1,200
20181016 16:00,10228520,3bFEUKcMrU5Iy58eTBIDogjIhuI,1,200
20181016 16:00,10228520,eQNDbtNT3zWmXBO2Cr4L48lLfT0,1,200
20181016 16:00,10228520,fDEjwJupo4XnAzAKn5lvkUHI5k8,1,200
20181016 16:00,10231687,rss7ZCVxQvuEDu-Oa9_YVmcv8ms,1,200
20181016 16:00,10231687,LSE00qMhfxFB6JliT12TPnvZ4Y0,1,200
20181016 16:00,10231687,KnCS836FodmNIK1PeZF3J1n6IYc,1,200
20181016 16:00,10231687,WCP98FkAoaa3HkCuTDx4J3uEC7g,1,200
20181016 16:00,10231687,eWktmv3nDaCJMG8PN9AXTqbPWJI,1,200
20181016 16:00,10231708,3P1KBsH3hvIZL8iwjcLjsHcl5cA,1,200
20181016 16:00,10231708,IXq8asJg91_j2taJv_1wUKctajQ,1,200
20181016 16:01,10231708,U9_XBFiHazOeS1AEkIrfjv1vBo0,1,200
20181016 16:01,10231708,P2mTY7eK5S0MgmsEMCs0imiGdMg,1,200
20181016 16:01,10231708,tmN6_ZgufI5ZuVpTrSNz5BJbuMY,1,200
20181016 16:01,10231859,CWKMpUtTN9IiG835fhXaI0ZdVP8,1,200
20181016 16:01,10231859,GF2I2vnDS0GIvQKAJqTimlBSAoE,1,200
20181016 16:01,10231859,Lxj1kmsBtlY1xPjvc1VlDSfX2fk,1,200
20181016 16:01,10231859,0yYXPyyz6vSsLszYbeAkiSPFHMM,1,200
20181016 16:01,10231859,dfKC9RbBsQI6UhKIatAT9T6zqsc,1,200
20181016 16:01,10231859,VkLP16SlAzml4M0qSKW6FWfV8VA,1,200
20181016 16:01,10231859,-Z_AJFqXl5zTByzXoSAZK7HUKV8,1,200
20181016 16:01,10233436,cjvmWR0VwycIfCoODIcfPfeh34E,1,200
20181016 16:01,10233436,XHj_CHcxYY2sM0da0QPQFrw70U8,1,200
20181016 16:01,10233436,8XC0k6wckYXLYksXuOE4o_Fxsl0,1,200
20181016 16:01,10233436,g8Fqsgi1rjlsqoTGCjjQyROmx5E,1,200
20181016 16:01,10233436,Pd_pEfSEwdS7bh_pWrz0Jo-RkxQ,1,200
20181016 16:01,10233436,U-aqwwA7_RrKp1p2B_qn9H-DrK4,1,200
20181016 16:01,10233436,UDZm-NbZngeQS36naoG5WiDpFo8,1,200
20181016 16:01,10233436,EZx70OPbpBfVofEj29VSBz-unPI,1,200
20181016 16:01,10233436,1u5ThLD-syCnqW9dUla4ZYbK_2c,1,200
20181016 16:01,10233436,h6o53kRDgP99fuSQN2bvRBGHrpM,1,200
20181016 16:01,10234246,Wi4CXIJS1F-D-z3rEDk_41DR9YU,1,200
20181016 16:01,10234246,2P_FEc_ppT0YQWNQbizKO4GrkNU,1,200
20181016 16:01,10234246,uuiEtzUb4VSXFMn_NNmYAChEeQk,1,200
20181016 16:01,10234246,Qd55dALf5d8fvpsb_T1Cs8PBxQg,1,200
20181016 16:01,10234246,ABmo81TGqfbZggv2Mc9puLO-8RE,1,200
20181016 16:01,10234246,ABmo81TGqfbZggv2Mc9puLO-8RE,1,200
20181016 16:01,10235284,Bw996Dux3CKgRzKaosQmoKWM990,1,200
20181016 16:01,10235284,xN8DjWosdH2qZoXVERB4K_laCxk,1,200
20181016 16:01,10235284,jVdjs92LXQy282z9vyFKTuzQeUg,1,200
20181016 16:01,10235284,_WlqfnJoF1a7DuXSN6af5TDhiZc,1,200
20181016 16:01,10237698,6o8WCk68QkDwt2LlLhm495rPblA,1,200
20181016 16:01,10237698,YG2O8pzo-m_9kvxvrrP64xEAOV4,1,200
20181016 16:01,10237698,ix6TyaDxV_eCLBvh7WQXLsm2q54,1,200
20181016 16:01,10237698,FJyFNEHXBM719EbkOKKy5-hqq9w,1,200
20181016 16:01,10238844,qB3hThnHMCGD9Sv9d4_eICDNrKw,1,200
20181016 16:01,10238844,wI2mcZYk6G6CGUJG6Kc-gNfE9C4,1,200
20181016 16:01,10238844,Ngw03hTKoxVXm-1Taa-IH8Tjfl8,1,200
20181016 16:01,10238844,CvGoYWA1o9lSwQvVV2_X3jDoccA,1,200
20181016 16:01,10241524,X66FnUqP-SYS-SmUv1KlBFcdY9g,1,200
20181016 16:01,10241524,yKrQYuUj8bBBHl7OkDy6f_55Wz8,1,200
20181016 16:01,10241524,vcLwhZ0bsjQb32goJI3_U-z_eSI,1,200
20181016 16:01,10241524,hhoR7JGTNkeIFinCLZ78wpwQ-X4,1,200
20181016 16:01,10241524,U7rAdbWi_7XAFvszbvc9DP0rKZY,1,200
20181016 16:01,10241524,D8xJf4yx3aHhqeJT0ST2DfywlrI,1,200
20181016 16:01,10241524,N4Es82dk9WwrRWJ8EI2NlmaaoZ8,1,200
20181016 16:01,10241524,THd0xP57TxK-r5AgEd3zOJcuuC0,1,200
20181016 16:01,10241524,A3JINx6QHmUs5NXBIhfQG2yZAxE,1,200
20181016 16:01,10241524,MK0qr6BHxzTWOcUdgsvxjfAoyCQ,1,200
20181016 16:01,10241524,lebvQU-pfpaeYo3zzZb1vHp6OS8,1,200
20181016 16:01,10241524,qay-8tRp27eAm7nMcZ8OrlpaUJ0,1,200
20181016 16:01,10241524,l6pOjP6modqfbfYR4niY-kTZVgY,1,200
20181016 16:01,10241524,kIXCGvImh8eJEqnIZvyp8iqkU0Q,1,200
20181016 16:01,10241524,N6C7Y7E7jWN8hxeWrk0pE1nTVFU,1,200
20181016 16:01,10241524,v08eINu5yf3oKWLBYwFN_glaIy0,1,200
20181016 16:01,10244537,kBDKPXgKrIQ0GZa07PRMiFAHsgk,1,200
20181016 16:01,10244537,rzeUo_iRqw4WZFswhpn0FJ208q0,1,200
20181016 16:01,10244537,JpK6JUXS21pGqR584wI8zzWyGKQ,1,200
20181016 16:01,10247798,x0UN-YqXiFGU5vu3Vmp_T7c6zyQ,1,200
20181016 16:01,10247798,YyAU6WOQ35d44fdW_qqjZa_1pkc,1,200
20181016 16:01,10247798,q2voTgdsCLW5NGyw7PMEuWY9VQI,1,200
20181016 16:01,10247798,-5Vucy-WZ8r_Mow6wEw2q5n0boA,1,200
20181016 16:01,10250030,xj1gOiXHA1yoJCRuNd03eTSzJnU,1,200
20181016 16:01,10250030,5tA6m7Zr43Asl3_V49g-fgsCGoc,1,200
20181016 16:01,10250030,7D4_MQWyJrdiAb4wvssdrPrJRjI,1,200
20181016 16:01,10250030,nN-euEC9HM0rpZk_-vtIFAFE0N8,1,200
20181016 16:01,10250030,iABTLxMf1mAiEuP5Dcf5pjSSTnA,1,200
20181016 16:01,10250030,eeg8_JD4FewZbEGCk3ZkAk3qQNM,1,200
20181016 16:01,10250030,9IQq6J3OPeLXBOmWNG0kDjm6EC8,1,200
20181016 16:01,10250030,xaEk9sOnUoKAryzyhw6JK0p60C4,1,200
20181016 16:01,10256445,IDl4lyfRLkzHMq7igRJwi_Jn9iY,1,200
20181016 16:01,10256445,n5R25_A226a7lGLfXSgxe0jY46M,1,200
20181016 16:01,10256445,a_E_XIskEPo8QlaV648NntWcjgg,1,200
20181016 16:01,10256445,-n8hSz8iNCQPRrQLbSAdIugpJAw,1,200
20181016 16:01,10256445,fCCUNcZ71ViqVB9V691ZKsjIpcs,1,200
20181016 16:01,10257850,GTPJ7ngDfvBPPLwFY7FD-z8KgHE,1,200
20181016 16:01,10257850,OAPymo8OsFL2y2ybVhVbtjNzihw,1,200
20181016 16:01,10257850,taKUbmTyKhLvMoWx_DuoriQuNTo,1,200
20181016 16:01,10257850,NPe7l3CWAxwzEcmcLXJjsoJSo_A,1,200
20181016 16:01,10257850,vekposKnwcGzDBmlWmxanazwXUk,1,200
20181016 16:01,10275821,Fw6DtuzEy2qyI538MyfFM070Z2w,1,200
20181016 16:01,10279393,ePdxoq4KujjTI_e102XZGT1C2bA,1,200
20181016 16:01,10279393,rfmkmjXTNE8yDpSErxuv--g42vo,1,200
20181016 16:01,10279393,UKRY-rdRZWobTrbQBGxbQDCxg-c,1,200
20181016 16:01,10279393,JtJBii1snEnYeMVlmeoGH9YH1cY,1,200
20181016 16:01,10279393,mEgfCOPMD8fNkJateNzmH2Wzf_c,1,200
20181016 16:01,10279393,olD83XpXYYDi7rHe6Faa8muT3kA,1,200
20181016 16:01,10279393,J3Ju_fi_2m4rLJ1oHp1IAvANU6c,1,200
20181016 16:01,10279393,gLz3BtQF-aWIyTj3Z2A0x-sGLHM,1,200
20181016 16:01,10279393,r89AWxMkVxwnxcc1mQFNi4KAde0,1,200
20181016 16:01,10279393,FbpshkLJT5wpPA9yY03w08nAQbw,1,200
20181016 16:01,10279393,rl_jtR6INRU-cQ8QPcnmsQ6ZnQs,1,200
20181016 16:01,10279393,ueLehmsqocWfCJHiJNnBW2BLGrE,1,200
20181016 16:01,10279393,6NzMVA_0maQ1HRVYTqqHMmPulFQ,1,200
20181016 16:01,10279393,ZHJdMrsp_N736OU2oWcdvGnoRs0,1,200
20181016 16:01,10279393,KeWSMUWOS93wIefuNupGneYOCVc,1,200
20181016 16:01,10279393,TvZzKQGHY-kfpVZZHJDMBAuEFUU,1,200
20181016 16:01,10279393,gCPesUef3aNCpNRxjdWtpxHfqww,1,200
20181016 16:01,10279393,DaZfLETy9Rwzchkerrll15pgz7Y,1,200
20181016 16:01,10279393,BS-PDqTzPU1hOIUBk8j6k76hxBk,1,200
20181016 16:01,10279393,DTioyqSF_b3SLfJK7BpYjmz9yME,1,200
20181016 16:01,10279393,cRatjFWeK9N6M4IPw8An2ZR95iM,1,200
20181016 16:01,10279393,KR8HcriFK1bdNMOngP7vhVUQj_s,1,200
20181016 16:01,10279393,aG5vmKcrNe6IMrpLM255ZYeofjA,1,200
20181016 16:01,10279393,DS11SAIm8UrIhZBhCB6Sxfl3Iqk,1,200
20181016 16:01,10279598,-KAH50N8FXx8uh_UN0NJb8oofC0,1,200
20181016 16:01,10279598,S_Tjk7vO_iBgcysFad51eWQRDF0,1,200
20181016 16:01,10279598,KYeU7N6h0Ie35sqegLvm8rmfYaU,1,200
20181016 16:01,10280313,mUQi0f7ygLukXHqXxZvtA8Af5A4,1,200
20181016 16:01,10280313,s8L8ktsdguvvbO33-ytwRb_qxzQ,1,200
20181016 16:01,10280313,rU5nmxg7zAyo2wp2zCcjIdiS9v0,1,200
20181016 16:01,10280494,6PCMwe0Q6MPXZIuY0tsfhAKV2cM,1,200
20181016 16:01,10280494,KQjKPJnExZKffZBUj72rMh2rcb8,1,200
20181016 16:01,10280494,EU5KdiFelgfyiCKTvNC9ia_Fji4,1,200
20181016 16:01,10280494,yEVndd_QgwDEQNQ86GvjpLcnxq4,1,200
20181016 16:01,10280494,SSSodWAyC71fcJ_PILCOeAQ_kiM,1,200
20181016 16:01,10280494,_-f1yqLQoa3dVyPl2pwXJGvfuCs,1,200
20181016 16:01,10280494,7bVu848J2BWqXboWEDR5Y_cgb3c,1,200
20181016 16:01,10280494,837c3mXzuTUw_k3ltkBBsMJWCRw,1,200
20181016 16:01,10284465,6nCwRnHaoHmES16mHAwTaI2Ikgw,1,200
20181016 16:01,10284465,Fv5Ba8tcPiPFtEkQ1ePtiNvr-3Y,1,200
20181016 16:01,10284465,8UdGAXTx458dD4xgTcf99xH1NzU,1,200
20181016 16:01,10284465,TeesSvkyQYmLJmoBywq8KV0i4Qo,1,200
20181016 16:01,10284465,rPissgpsp1QK9LL9yXv54csyuCY,1,200
20181016 16:01,10284465,68iF0Nknwdp5IvD24W3WsRGxsaA,1,200
20181016 16:01,10284465,2X5kzYX_pfIv9CAdMSOHW-rIuqE,1,200
20181016 16:01,10294887,x_6KjMuK9mdCR4A5Xww5JbaXh20,1,200
20181016 16:01,10294887,HKVunV7rW5FyPEfWieceh0EoRjk,1,200
20181016 16:01,10294887,STv7_GosoyN7dhzP81oFd5SNcMQ,1,200
20181016 16:01,10294887,iIrthdYF4UMN2EYEGVPcxJakZgQ,1,200
20181016 16:01,10294887,ssI9Jl3Cs7QXtykwS05hOAatDmE,1,200
20181016 16:01,10294887,tdmwadCIFQL5DPjEqhn3tqSivUU,1,200
20181016 16:01,10294887,d8HdQETTRyqgFrQ-dNqEo9GMX-0,1,200
20181016 16:01,10295645,43xivDqtKrb3pLjrQpkCxspwV4I,1,200
20181016 16:01,10295645,c0ShhAFlhBvcg8uEfPxtzqGOOE0,1,200
20181016 16:01,10295645,-lKE1grVLIjXhiymCFG_8utsJaU,1,200
20181016 16:01,10295645,sL6YXVwjHJltzweMoYglzMd6Y1U,1,200
20181016 16:01,10295645,vgYN8W0pEd77BJP_uMuvnVKKkm4,1,200
20181016 16:01,10295645,ytCutB9MY0x2tSfrE18CefM_Hpk,1,200
20181016 16:01,10295645,XgXD-H-7gmqzaype-s1mC-D6GFY,1,200
20181016 16:01,10295645,CXymNh3HE6I0pumdEPH-4ebxnWc,1,200
20181016 16:01,10295645,zHL2Tq9GI9RQ4F_OsAMTxLkpo8o,1,200
20181016 16:03,10295645,jhtnHV56HctLmQkFSvHEzaamZKM,1,200
20181016 16:03,10295645,j3pEPHt8Pq1iiClcZiZMMGd1vvk,0,404
20181016 16:03,10295645,bKgA2D2pUqHRUaVzmvVeoPPAEOI,0,404
20181016 16:03,10295645,DFhsSVOGQ6G9eP_6zGETOoWz2zk,0,404
20181016 16:03,10297678,G8nu1hI2gMRBigoTMsAVVWJW-Cg,0,404
20181016 16:03,10297678,ha_65_U7NRaTMDaJjVrvPSvuT3M,0,404
20181016 16:03,10297678,abmU27E1wpYu1tFrXks_4obE8tQ,0,404
20181016 16:03,10297678,Ktc5CpsUW8_2fuVsSYg1dsBdkQU,0,404
20181016 16:03,10309753,pfL3DPBpfkhYfoa6edlO5aBLrjM,0,404
20181016 16:03,10309753,WNFdg6gZNGJ9Mp1rQb9AFNJ0MX4,0,404
20181016 16:03,10312664,oWoGKUQ1TQuXnAXiRk6uRhK5jGM,0,404
20181016 16:03,10312664,3HghuiQV-l-0sa-ORobQQF8V_to,1,200
20181016 16:03,10312664,Mzv30G_eqetkEibBi0FsCoZrmkc,1,200
20181016 16:03,10312664,iZeO02cTFxdoZqJOr8WeGjsP1hM,1,200
20181016 16:03,10312664,145B8Jn7nmw-ESGG5drRnXc4VEc,1,200
20181016 16:03,10316279,da3ZMt62qHlohjjTXxa7y-NKEEc,1,200
20181016 16:03,10316279,gn2vBlx-mgmC1Qc71v6ijGlfN0U,1,200
20181016 16:03,10316279,vBAEj7vywlbjhIhg1EFSCad9Xus,1,200
20181016 16:03,10316279,iW7_HCfIW4Qb7rXVO4Un_tOIeaM,1,200
20181016 16:03,10316279,G6NnAllOqRfd356XVUEgL5nYUr8,1,200
20181016 16:03,10316815,lvDdygEJJbuz3whB2bhM254vunQ,1,200
20181016 16:03,10316815,ObZQmU6nzNYXpKAYqFVQiDKrNeo,1,200
20181016 16:03,10316815,Feg62nprODkJGxjRo5whzig0aY8,1,200
20181016 16:03,10316815,YxkD7qNFQEYJCzQGktFB17xKAeI,1,200
20181016 16:03,10316815,knw-v7wvMtM8OwRadWn0LC7YEDk,1,200
20181016 16:03,10316815,u03vaBPCDBef31jyRaOhttmAj48,1,200
20181016 16:03,10316815,8EdZEVXlwrmO9bOvOIDxmsv_qLU,1,200
20181016 16:03,10316815,_tTUjQzMhOvRhisp8HdRHogrDNQ,1,200
20181016 16:03,10316815,FkTiwq7ImsbiuDJ7WmFM3b2twxQ,1,200
20181016 16:03,10316815,IrsSKH0fy7M0s025BARPWlsfirw,1,200
20181016 16:03,10316815,aV5CF9ipDbEfJKbJEEhroI9C2v4,1,200
20181016 16:03,10316815,yuK9L1c72a_cFqIM5-5ly-OzA6U,1,200
20181016 16:03,10336709,JpAXQ-4pS7r3nvnY_ReLJ4wTkS0,1,200
20181016 16:03,10336709,p8I9cxIXj72MH0Zwm0qMqO9m8Is,0,404
20181016 16:03,10336709,_z_mNQGZawmuKBB24pQ9v7f-uVo,1,200
20181016 16:03,10370625,coc12ei5Nxif6JJkD8RCoIy2hPk,1,200
20181016 16:03,10370625,VZCRRs5dQbZwf48iBymgE35e3Pw,1,200
20181016 16:03,10379880,1YRrZp4TuXLCw7Yd_ImybnsbdWw,1,200
20181016 16:03,10379880,_Vl6Tr3iFRf8pt_au-23dzOagQU,1,200
20181016 16:03,10379880,y023FrodGkYzRk_LNMg3VqMNbX4,1,200
20181016 16:03,10379880,UUh0iEJVinuh38ElcYIzmqHLCqU,1,200
